Career Domains,Career Categories
STEM,Core Sciences
STEM,Applied Sciences
STEM,Engineering
STEM,Information Technology & Computer Science
STEM,Data Science & Artificial Intelligence
STEM,Research & Development
STEM,Robotics & Automation
STEM,Space & Aerospace Sciences
Medical & Health Sciences,Medicine
Medical & Health Sciences,Dentistry
Medical & Health Sciences,Pharmacy
Medical & Health Sciences,Nursing & Midwifery
Medical & Health Sciences,Physiotherapy & Rehabilitation
Medical & Health Sciences,Public Health
Medical & Health Sciences,Clinical Research
Medical & Health Sciences,Mental Health & Psychology
Medical & Health Sciences,Nutrition & Dietetics
Medical & Health Sciences,Veterinary Sciences
Medical & Health Sciences,Alternative & Holistic Medicine
"Business, Finance & Management",General Management
"Business, Finance & Management",Strategic Planning & Consulting
"Business, Finance & Management",Entrepreneurship & Startups
"Business, Finance & Management",Accounting & Auditing
"Business, Finance & Management",Banking & Financial Services
"Business, Finance & Management",Investment Banking & Wealth Management
"Business, Finance & Management",Economics & Policy Analysis
"Business, Finance & Management",Insurance & Risk Management
"Business, Finance & Management",Business Analytics & Operations
"Business, Finance & Management",Human Resources & Talent Development
"Business, Finance & Management",Sales & Marketing
"Business, Finance & Management",Marketing & Advertisment 
"Business, Finance & Management",Logistics & Supply Chain
Commerce & Applied Economics,E-commerce & Retail Management
Commerce & Applied Economics,International Business & Trade
Commerce & Applied Economics,Actuarial Science
Commerce & Applied Economics,Real Estate & Property Management
Commerce & Applied Economics,Corporate Law (Commerce Focused)
Commerce & Applied Economics,Market Research & Consumer Insights
Law & Legal Services,Corporate Law
Law & Legal Services,Criminal Law
Law & Legal Services,Civil Law & Litigation
Law & Legal Services,Intellectual Property Law
Law & Legal Services,International Law
Law & Legal Services,Environmental Law
Law & Legal Services,Legal Consultancy & Advocacy
Law & Legal Services,Judicial Services
"Creative Arts, Media & Design","Fine Arts (Painting, Sculpture, Installation)"
"Creative Arts, Media & Design","Performing Arts (Dance, Theatre, Music)"
"Creative Arts, Media & Design",Graphic Design
"Creative Arts, Media & Design",Fashion Design
"Creative Arts, Media & Design",Interior Design
"Creative Arts, Media & Design",Animation & Multimedia
"Creative Arts, Media & Design",Film & Video Production
"Creative Arts, Media & Design",Photography
"Creative Arts, Media & Design",Game Design & Development
"Creative Arts, Media & Design",UI/UX & Product Design
"Creative Arts, Media & Design",Advertising & Creative Direction
Social Sciences & Humanities,Psychology & Behavioral Sciences
Social Sciences & Humanities,Sociology & Anthropology
Social Sciences & Humanities,History & Political Science
Social Sciences & Humanities,Philosophy & Ethics
Social Sciences & Humanities,Linguistics & Languages
Social Sciences & Humanities,International Relations & Diplomacy
Social Sciences & Humanities,Gender Studies
Social Sciences & Humanities,Public Policy & Development Studies
Education & Training,School & Higher Education Teaching
Education & Training,Special Education
Education & Training,Curriculum Design
Education & Training,Educational Administration
Education & Training,Coaching & Mentoring
Education & Training,EdTech & Instructional Design
"Hospitality, Travel & Tourism",Hotel Management
"Hospitality, Travel & Tourism",Culinary Arts
"Hospitality, Travel & Tourism",Event Management
"Hospitality, Travel & Tourism",Travel & Tourism Operations
"Hospitality, Travel & Tourism","Aviation Services (Cabin Crew, Ground Ops)"
"Public Services, Government & Administration","Civil Services (IAS, IRS, IPS)"
"Public Services, Government & Administration",Foreign Services
"Public Services, Government & Administration",Urban Planning & Development
"Public Services, Government & Administration",Public Policy & Governance
"Public Services, Government & Administration",Non-Profit & NGO Sector
"Public Services, Government & Administration","Defense Forces (Army, Navy, Air Force)"
Environmental & Sustainability Careers,Environmental Science & Policy
Environmental & Sustainability Careers,Renewable Energy
Environmental & Sustainability Careers,Wildlife Conservation
Environmental & Sustainability Careers,Sustainable Architecture
Environmental & Sustainability Careers,Climate Advocacy
"Sports, Wellness & Fitness",Sports Coaching & Training
"Sports, Wellness & Fitness",Physical Education
"Sports, Wellness & Fitness",Sports Psychology
"Sports, Wellness & Fitness",Athletic Therapy
"Sports, Wellness & Fitness",Personal Training & Wellness Coaching
"Sports, Wellness & Fitness",Yoga & Alternative Fitness
Agriculture & Allied Fields,Agronomy & Crop Science
Agriculture & Allied Fields,Horticulture
Agriculture & Allied Fields,Animal Husbandry
Agriculture & Allied Fields,Agri-Business
Agriculture & Allied Fields,Food Technology
Agriculture & Allied Fields,Sustainable Farming
Architecture & Built Environment,Architecture
Architecture & Built Environment,Urban Design & Planning
Architecture & Built Environment,Landscape Architecture
Architecture & Built Environment,Structural Engineering
Architecture & Built Environment,Construction Management
Transport & Logistics,Aviation Management
Transport & Logistics,Maritime & Shipping
Transport & Logistics,Railway Engineering
Transport & Logistics,Transport Planning
Transport & Logistics,Supply Chain & Inventory Control
"Security, Law Enforcement & Emergency Services",Police Services
"Security, Law Enforcement & Emergency Services",Fire & Rescue
"Security, Law Enforcement & Emergency Services",Cybersecurity
"Security, Law Enforcement & Emergency Services",Disaster Management
"Security, Law Enforcement & Emergency Services",Forensic Sciences